SKU Number,Category,Page Number,PDF File Path
"""REGULA""","The page number 2 is not explicitly listed in the JSON data provided, so no specific category can be derived from it. Please provide a listed page number for the corresponding category details.",2,C:/Users/REX/Documents/PDFCategoryTreeBuilder/345020EN-G.pdf
"""STRAP""","The page number 2 is not explicitly listed in the JSON data provided, so no specific category can be derived from it. Please provide a listed page number for the corresponding category details.",2,C:/Users/REX/Documents/PDFCategoryTreeBuilder/345020EN-G.pdf
"""DESICC""","The page number 2 is not explicitly listed in the JSON data provided, so no specific category can be derived from it. Please provide a listed page number for the corresponding category details.",2,C:/Users/REX/Documents/PDFCategoryTreeBuilder/345020EN-G.pdf
"""ELEVAT""","The page number 2 is not explicitly listed in the JSON data provided, so no specific category can be derived from it. Please provide a listed page number for the corresponding category details.",2,C:/Users/REX/Documents/PDFCategoryTreeBuilder/345020EN-G.pdf
"""GAUGES""","The page number 2 is not explicitly listed in the JSON data provided, so no specific category can be derived from it. Please provide a listed page number for the corresponding category details.",2,C:/Users/REX/Documents/PDFCategoryTreeBuilder/345020EN-G.pdf
"""SYPHON""","The page number 2 is not explicitly listed in the JSON data provided, so no specific category can be derived from it. Please provide a listed page number for the corresponding category details.",2,C:/Users/REX/Documents/PDFCategoryTreeBuilder/345020EN-G.pdf
"""STRAIN""","The page number 2 is not explicitly listed in the JSON data provided, so no specific category can be derived from it. Please provide a listed page number for the corresponding category details.",2,C:/Users/REX/Documents/PDFCategoryTreeBuilder/345020EN-G.pdf
"""AGITAT""","The page number 2 is not explicitly listed in the JSON data provided, so no specific category can be derived from it. Please provide a listed page number for the corresponding category details.",2,C:/Users/REX/Documents/PDFCategoryTreeBuilder/345020EN-G.pdf
"""FILTER""","The page number 2 is not explicitly listed in the JSON data provided, so no specific category can be derived from it. Please provide a listed page number for the corresponding category details.",2,C:/Users/REX/Documents/PDFCategoryTreeBuilder/345020EN-G.pdf
"""HEATER""","The page number 2 is not explicitly listed in the JSON data provided, so no specific category can be derived from it. Please provide a listed page number for the corresponding category details.",2,C:/Users/REX/Documents/PDFCategoryTreeBuilder/345020EN-G.pdf
236086,Pressure Pots/2 Gallon (8 liter),4,C:/Users/REX/Documents/PDFCategoryTreeBuilder/345020EN-G.pdf
236155,Pressure Pots/2 Gallon (8 liter),4,C:/Users/REX/Documents/PDFCategoryTreeBuilder/345020EN-G.pdf
236859,Pressure Pots/2 Gallon (8 liter),4,C:/Users/REX/Documents/PDFCategoryTreeBuilder/345020EN-G.pdf
236157,Pressure Pots/2 Gallon (8 liter),4,C:/Users/REX/Documents/PDFCategoryTreeBuilder/345020EN-G.pdf
236156,Pressure Pots/2 Gallon (8 liter),4,C:/Users/REX/Documents/PDFCategoryTreeBuilder/345020EN-G.pdf
236158,Pressure Pots/2 Gallon (8 liter),4,C:/Users/REX/Documents/PDFCategoryTreeBuilder/345020EN-G.pdf
236676,Pressure Pots/2 Gallon (8 liter),4,C:/Users/REX/Documents/PDFCategoryTreeBuilder/345020EN-G.pdf
223833,Pressure Pots/2.5 Gallon (9.5 liter),8,C:/Users/REX/Documents/PDFCategoryTreeBuilder/345020EN-G.pdf
171226,Pressure Pots/2.5 Gallon (9.5 liter),8,C:/Users/REX/Documents/PDFCategoryTreeBuilder/345020EN-G.pdf
222698,Agitators/Pneumatic Rotary Vane/Flange Mounted Agitators,11,C:/Users/REX/Documents/PDFCategoryTreeBuilder/345020EN-G.pdf
306938,Agitators/Pneumatic Rotary Vane/Flange Mounted Agitators,11,C:/Users/REX/Documents/PDFCategoryTreeBuilder/345020EN-G.pdf
306840,Agitators/Pneumatic Rotary Vane/Flange Mounted Agitators,11,C:/Users/REX/Documents/PDFCategoryTreeBuilder/345020EN-G.pdf
206758,Agitators/Pneumatic Rotary Vane/Flange Mounted Agitators,11,C:/Users/REX/Documents/PDFCategoryTreeBuilder/345020EN-G.pdf
190192,Agitators/Pneumatic Rotary Vane/Flange Mounted Agitators,11,C:/Users/REX/Documents/PDFCategoryTreeBuilder/345020EN-G.pdf
207953,Agitators/Pneumatic Rotary Vane/Flange Mounted Agitators,11,C:/Users/REX/Documents/PDFCategoryTreeBuilder/345020EN-G.pdf
206760,Agitators/Pneumatic Rotary Vane/Flange Mounted Agitators,11,C:/Users/REX/Documents/PDFCategoryTreeBuilder/345020EN-G.pdf
306459,Agitators/Pneumatic Rotary Vane/Flange Mounted Agitators,11,C:/Users/REX/Documents/PDFCategoryTreeBuilder/345020EN-G.pdf
205715,Agitators/Pneumatic Rotary Vane/Flange Mounted Agitators,11,C:/Users/REX/Documents/PDFCategoryTreeBuilder/345020EN-G.pdf
307277,Agitators/Pneumatic Rotary Vane/Flange Mounted Agitators,11,C:/Users/REX/Documents/PDFCategoryTreeBuilder/345020EN-G.pdf
307154,Agitators/Pneumatic Rotary Vane/Flange Mounted Agitators,11,C:/Users/REX/Documents/PDFCategoryTreeBuilder/345020EN-G.pdf
207199,Agitators/Pneumatic Rotary Vane/Flange Mounted Agitators,11,C:/Users/REX/Documents/PDFCategoryTreeBuilder/345020EN-G.pdf
"""224854""",Twistork® Agitators,14,C:/Users/REX/Documents/PDFCategoryTreeBuilder/345020EN-G.pdf
"""236629""",Twistork® Agitators,14,C:/Users/REX/Documents/PDFCategoryTreeBuilder/345020EN-G.pdf
"""235534""",Twistork® Agitators,14,C:/Users/REX/Documents/PDFCategoryTreeBuilder/345020EN-G.pdf
"""236760""",Twistork® Agitators,14,C:/Users/REX/Documents/PDFCategoryTreeBuilder/345020EN-G.pdf
"""16A754""",Agitators/Pneumatic Rotary Vane/Heavy Duty In-Drum Back-Geared Agitator,15,C:/Users/REX/Documents/PDFCategoryTreeBuilder/345020EN-G.pdf
"""24C522""",Agitators/Pneumatic Rotary Vane/Heavy Duty In-Drum Back-Geared Agitator,15,C:/Users/REX/Documents/PDFCategoryTreeBuilder/345020EN-G.pdf
"""16H554""",Agitators/Pneumatic Rotary Vane/Heavy Duty In-Drum Back-Geared Agitator,15,C:/Users/REX/Documents/PDFCategoryTreeBuilder/345020EN-G.pdf
"""24C293""",Agitators/Pneumatic Rotary Vane/Heavy Duty In-Drum Back-Geared Agitator,15,C:/Users/REX/Documents/PDFCategoryTreeBuilder/345020EN-G.pdf
"""16H555""",Agitators/Pneumatic Rotary Vane/Heavy Duty In-Drum Back-Geared Agitator,15,C:/Users/REX/Documents/PDFCategoryTreeBuilder/345020EN-G.pdf
"""16A521""",Agitators/Pneumatic Rotary Vane/Heavy Duty In-Drum Back-Geared Agitator,15,C:/Users/REX/Documents/PDFCategoryTreeBuilder/345020EN-G.pdf
'231414',Agitators/Pneumatic Rotary Vane/Heavy Duty Drum Agitator with Elevator,16,C:/Users/REX/Documents/PDFCategoryTreeBuilder/345020EN-G.pdf
'238283',Agitators/Pneumatic Rotary Vane/Heavy Duty Drum Agitator with Elevator,16,C:/Users/REX/Documents/PDFCategoryTreeBuilder/345020EN-G.pdf
"""206706""",Agitators/Pneumatic Rotary Vane/Replacement Air Motors,18,C:/Users/REX/Documents/PDFCategoryTreeBuilder/345020EN-G.pdf
"""238860""",Agitators/Pneumatic Rotary Vane/Replacement Air Motors,18,C:/Users/REX/Documents/PDFCategoryTreeBuilder/345020EN-G.pdf
"""236097""",Agitators/Pneumatic Rotary Vane/Replacement Air Motors,18,C:/Users/REX/Documents/PDFCategoryTreeBuilder/345020EN-G.pdf
"""238859""",Agitators/Pneumatic Rotary Vane/Replacement Air Motors,18,C:/Users/REX/Documents/PDFCategoryTreeBuilder/345020EN-G.pdf
"""222698""",Agitators/Pneumatic Rotary Vane/Replacement Air Motors,18,C:/Users/REX/Documents/PDFCategoryTreeBuilder/345020EN-G.pdf
"""236146""",Agitators/Pneumatic Rotary Vane/Replacement Air Motors,18,C:/Users/REX/Documents/PDFCategoryTreeBuilder/345020EN-G.pdf
"""224571""",Agitators/Pneumatic Rotary Vane/Replacement Air Motors,18,C:/Users/REX/Documents/PDFCategoryTreeBuilder/345020EN-G.pdf
"""204482""",Agitators/Pneumatic Rotary Vane/Replacement Air Motors,18,C:/Users/REX/Documents/PDFCategoryTreeBuilder/345020EN-G.pdf
"""236661""",Agitators/Pneumatic Rotary Vane/Replacement Air Motors,18,C:/Users/REX/Documents/PDFCategoryTreeBuilder/345020EN-G.pdf
"""206758""",Agitators/Pneumatic Rotary Vane/Replacement Air Motors,18,C:/Users/REX/Documents/PDFCategoryTreeBuilder/345020EN-G.pdf
"""210068""",Agitators/Pneumatic Rotary Vane/Replacement Air Motors,18,C:/Users/REX/Documents/PDFCategoryTreeBuilder/345020EN-G.pdf
"""236662""",Agitators/Pneumatic Rotary Vane/Replacement Air Motors,18,C:/Users/REX/Documents/PDFCategoryTreeBuilder/345020EN-G.pdf
"""236629""",Agitators/Pneumatic Rotary Vane/Replacement Air Motors,18,C:/Users/REX/Documents/PDFCategoryTreeBuilder/345020EN-G.pdf
"""238157""",Agitators/Pneumatic Rotary Vane/Replacement Air Motors,18,C:/Users/REX/Documents/PDFCategoryTreeBuilder/345020EN-G.pdf
"""236147""",Agitators/Pneumatic Rotary Vane/Replacement Air Motors,18,C:/Users/REX/Documents/PDFCategoryTreeBuilder/345020EN-G.pdf
"""207953""",Agitators/Pneumatic Rotary Vane/Replacement Air Motors,18,C:/Users/REX/Documents/PDFCategoryTreeBuilder/345020EN-G.pdf
"""225831""",Agitators/Pneumatic Rotary Vane/Replacement Air Motors,18,C:/Users/REX/Documents/PDFCategoryTreeBuilder/345020EN-G.pdf
"""206219""",Agitators/Pneumatic Rotary Vane/Replacement Air Motors,18,C:/Users/REX/Documents/PDFCategoryTreeBuilder/345020EN-G.pdf
"""236663""",Agitators/Pneumatic Rotary Vane/Replacement Air Motors,18,C:/Users/REX/Documents/PDFCategoryTreeBuilder/345020EN-G.pdf
"""203711""",Agitators/Pneumatic Rotary Vane/Replacement Air Motors,18,C:/Users/REX/Documents/PDFCategoryTreeBuilder/345020EN-G.pdf
"""236154""",Agitators/Pneumatic Rotary Vane/Replacement Air Motors,18,C:/Users/REX/Documents/PDFCategoryTreeBuilder/345020EN-G.pdf
"""240209""",Agitators/Pneumatic Rotary Vane/Replacement Air Motors,18,C:/Users/REX/Documents/PDFCategoryTreeBuilder/345020EN-G.pdf
"""236152""",Agitators/Pneumatic Rotary Vane/Replacement Air Motors,18,C:/Users/REX/Documents/PDFCategoryTreeBuilder/345020EN-G.pdf
"""236153""",Agitators/Pneumatic Rotary Vane/Replacement Air Motors,18,C:/Users/REX/Documents/PDFCategoryTreeBuilder/345020EN-G.pdf
"""224854""",Agitators/Pneumatic Rotary Vane/Replacement Air Motors,18,C:/Users/REX/Documents/PDFCategoryTreeBuilder/345020EN-G.pdf
"""236148""",Agitators/Pneumatic Rotary Vane/Replacement Air Motors,18,C:/Users/REX/Documents/PDFCategoryTreeBuilder/345020EN-G.pdf
"""235534""",Agitators/Pneumatic Rotary Vane/Replacement Air Motors,18,C:/Users/REX/Documents/PDFCategoryTreeBuilder/345020EN-G.pdf
"""204995""",Agitators/Pneumatic Rotary Vane/Replacement Air Motors,18,C:/Users/REX/Documents/PDFCategoryTreeBuilder/345020EN-G.pdf
"""224572""",Agitators/Pneumatic Rotary Vane/Replacement Air Motors,18,C:/Users/REX/Documents/PDFCategoryTreeBuilder/345020EN-G.pdf
"""210067""",Agitators/Pneumatic Rotary Vane/Replacement Air Motors,18,C:/Users/REX/Documents/PDFCategoryTreeBuilder/345020EN-G.pdf
"""222695""",Agitators/Pneumatic Rotary Vane/Pail Cover Agitator,19,C:/Users/REX/Documents/PDFCategoryTreeBuilder/345020EN-G.pdf
"""245895""",Agitators/Pneumatic Rotary Vane/Pail Cover Agitator,19,C:/Users/REX/Documents/PDFCategoryTreeBuilder/345020EN-G.pdf
"""245081""",Agitators/Pneumatic Rotary Vane/Pail Cover Agitator,19,C:/Users/REX/Documents/PDFCategoryTreeBuilder/345020EN-G.pdf
"""204536""",Agitators/Pneumatic Rotary Vane/Pail Cover Agitator,19,C:/Users/REX/Documents/PDFCategoryTreeBuilder/345020EN-G.pdf
"""226086""",Agitators/Pneumatic Rotary Vane/Pail Cover Agitator,19,C:/Users/REX/Documents/PDFCategoryTreeBuilder/345020EN-G.pdf
"""236663""",Agitators/Pneumatic Rotary Vane/Heavy Duty Pressure Tank Agitators,20,C:/Users/REX/Documents/PDFCategoryTreeBuilder/345020EN-G.pdf
"""186517""",Agitators/Pneumatic Rotary Vane/Heavy Duty Pressure Tank Agitators,20,C:/Users/REX/Documents/PDFCategoryTreeBuilder/345020EN-G.pdf
"""236661""",Agitators/Pneumatic Rotary Vane/Heavy Duty Pressure Tank Agitators,20,C:/Users/REX/Documents/PDFCategoryTreeBuilder/345020EN-G.pdf
"""236662""",Agitators/Pneumatic Rotary Vane/Heavy Duty Pressure Tank Agitators,20,C:/Users/REX/Documents/PDFCategoryTreeBuilder/345020EN-G.pdf
'237308',Agitators/Pneumatic Rotary Vane/Agitators Accessories/55 Gallon Drum Covers,21,C:/Users/REX/Documents/PDFCategoryTreeBuilder/345020EN-G.pdf
'238008',Agitators/Pneumatic Rotary Vane/Agitators Accessories/55 Gallon Drum Covers,21,C:/Users/REX/Documents/PDFCategoryTreeBuilder/345020EN-G.pdf
'237306',Agitators/Pneumatic Rotary Vane/Agitators Accessories/55 Gallon Drum Covers,21,C:/Users/REX/Documents/PDFCategoryTreeBuilder/345020EN-G.pdf
'238283',Agitators/Pneumatic Rotary Vane/Agitators Accessories/55 Gallon Drum Covers,21,C:/Users/REX/Documents/PDFCategoryTreeBuilder/345020EN-G.pdf
'237949',Agitators/Pneumatic Rotary Vane/Agitators Accessories/55 Gallon Drum Covers,21,C:/Users/REX/Documents/PDFCategoryTreeBuilder/345020EN-G.pdf
'237307',Agitators/Pneumatic Rotary Vane/Agitators Accessories/55 Gallon Drum Covers,21,C:/Users/REX/Documents/PDFCategoryTreeBuilder/345020EN-G.pdf
'237309',Agitators/Pneumatic Rotary Vane/Agitators Accessories/55 Gallon Drum Covers,21,C:/Users/REX/Documents/PDFCategoryTreeBuilder/345020EN-G.pdf
"""25C533""",Agitators/Pneumatic Radial Piston/Flange Mounted Agitators,24,C:/Users/REX/Documents/PDFCategoryTreeBuilder/345020EN-G.pdf
"""25M481""",Agitators/Pneumatic Radial Piston/Flange Mounted Agitators,24,C:/Users/REX/Documents/PDFCategoryTreeBuilder/345020EN-G.pdf
"""25C528""",Agitators/Pneumatic Radial Piston/Flange Mounted Agitators,24,C:/Users/REX/Documents/PDFCategoryTreeBuilder/345020EN-G.pdf
"""25C529""",Agitators/Pneumatic Radial Piston/Clamp Mounted Agitators,25,C:/Users/REX/Documents/PDFCategoryTreeBuilder/345020EN-G.pdf
"""3A4792""",Agitators/Pneumatic Radial Piston/Clamp Mounted Agitators,25,C:/Users/REX/Documents/PDFCategoryTreeBuilder/345020EN-G.pdf
"""25C530""",Agitators/Pneumatic Radial Piston/Expanding Blade Agitators,26,C:/Users/REX/Documents/PDFCategoryTreeBuilder/345020EN-G.pdf
"""3A4792""",Agitators/Pneumatic Radial Piston/Expanding Blade Agitators,26,C:/Users/REX/Documents/PDFCategoryTreeBuilder/345020EN-G.pdf
"""3A4800""",Agitators/Pneumatic Radial Piston/Twistork® Agitators,27,C:/Users/REX/Documents/PDFCategoryTreeBuilder/345020EN-G.pdf
"""3A4792""",Agitators/Pneumatic Radial Piston/Twistork® Agitators,27,C:/Users/REX/Documents/PDFCategoryTreeBuilder/345020EN-G.pdf
"""25C532""",Agitators/Pneumatic Radial Piston/Twistork® Agitators,27,C:/Users/REX/Documents/PDFCategoryTreeBuilder/345020EN-G.pdf
"""25C534""",Agitators/Pneumatic Radial Piston/Twistork® Agitators,27,C:/Users/REX/Documents/PDFCategoryTreeBuilder/345020EN-G.pdf
"""25C541""",Agitators/Pneumatic Radial Piston/Pressure Tank Agitators,28,C:/Users/REX/Documents/PDFCategoryTreeBuilder/345020EN-G.pdf
"""25C540""",Agitators/Pneumatic Radial Piston/Pressure Tank Agitators,28,C:/Users/REX/Documents/PDFCategoryTreeBuilder/345020EN-G.pdf
"""25C536""",Agitators/Pneumatic Radial Piston/Pressure Tank Agitators,28,C:/Users/REX/Documents/PDFCategoryTreeBuilder/345020EN-G.pdf
"""25C539""",Agitators/Pneumatic Radial Piston/Pressure Tank Agitators,28,C:/Users/REX/Documents/PDFCategoryTreeBuilder/345020EN-G.pdf
"""25C538""",Agitators/Pneumatic Radial Piston/Pressure Tank Agitators,28,C:/Users/REX/Documents/PDFCategoryTreeBuilder/345020EN-G.pdf
"""25C537""",Agitators/Pneumatic Radial Piston/Pressure Tank Agitators,28,C:/Users/REX/Documents/PDFCategoryTreeBuilder/345020EN-G.pdf
'25N882',Agitators/Pneumatic Radial Piston/In-Drum Agitator,29,C:/Users/REX/Documents/PDFCategoryTreeBuilder/345020EN-G.pdf
'25N881',Agitators/Pneumatic Radial Piston/In-Drum Agitator,29,C:/Users/REX/Documents/PDFCategoryTreeBuilder/345020EN-G.pdf
"""26B631""",Agitators/Pneumatic Radial Piston/Heavy Duty Drum Agitator,30,C:/Users/REX/Documents/PDFCategoryTreeBuilder/345020EN-G.pdf
"""26B618""",Agitators/Pneumatic Radial Piston/Heavy Duty Drum Agitator,30,C:/Users/REX/Documents/PDFCategoryTreeBuilder/345020EN-G.pdf
"""26B619""",Agitators/Pneumatic Radial Piston/Heavy Duty Drum Agitator,30,C:/Users/REX/Documents/PDFCategoryTreeBuilder/345020EN-G.pdf
"""26B632""",Agitators/Pneumatic Radial Piston/Heavy Duty Drum Agitator,30,C:/Users/REX/Documents/PDFCategoryTreeBuilder/345020EN-G.pdf
"""26B633""",Agitators/Pneumatic Radial Piston/Heavy Duty Drum Agitator,30,C:/Users/REX/Documents/PDFCategoryTreeBuilder/345020EN-G.pdf
"""26B630""",Agitators/Pneumatic Radial Piston/Heavy Duty Drum Agitator,30,C:/Users/REX/Documents/PDFCategoryTreeBuilder/345020EN-G.pdf
"""26B631""",Agitators/Pneumatic Radial Piston/Air Motor Kits,31,C:/Users/REX/Documents/PDFCategoryTreeBuilder/345020EN-G.pdf
"""25C534""",Agitators/Pneumatic Radial Piston/Air Motor Kits,31,C:/Users/REX/Documents/PDFCategoryTreeBuilder/345020EN-G.pdf
"""25C530""",Agitators/Pneumatic Radial Piston/Air Motor Kits,31,C:/Users/REX/Documents/PDFCategoryTreeBuilder/345020EN-G.pdf
"""25C538""",Agitators/Pneumatic Radial Piston/Air Motor Kits,31,C:/Users/REX/Documents/PDFCategoryTreeBuilder/345020EN-G.pdf
"""26B633""",Agitators/Pneumatic Radial Piston/Air Motor Kits,31,C:/Users/REX/Documents/PDFCategoryTreeBuilder/345020EN-G.pdf
"""25C536""",Agitators/Pneumatic Radial Piston/Air Motor Kits,31,C:/Users/REX/Documents/PDFCategoryTreeBuilder/345020EN-G.pdf
"""25C532""",Agitators/Pneumatic Radial Piston/Air Motor Kits,31,C:/Users/REX/Documents/PDFCategoryTreeBuilder/345020EN-G.pdf
"""25C539""",Agitators/Pneumatic Radial Piston/Air Motor Kits,31,C:/Users/REX/Documents/PDFCategoryTreeBuilder/345020EN-G.pdf
"""26B630""",Agitators/Pneumatic Radial Piston/Air Motor Kits,31,C:/Users/REX/Documents/PDFCategoryTreeBuilder/345020EN-G.pdf
"""25C541""",Agitators/Pneumatic Radial Piston/Air Motor Kits,31,C:/Users/REX/Documents/PDFCategoryTreeBuilder/345020EN-G.pdf
"""25N882""",Agitators/Pneumatic Radial Piston/Air Motor Kits,31,C:/Users/REX/Documents/PDFCategoryTreeBuilder/345020EN-G.pdf
"""25C533""",Agitators/Pneumatic Radial Piston/Air Motor Kits,31,C:/Users/REX/Documents/PDFCategoryTreeBuilder/345020EN-G.pdf
"""25C765""",Agitators/Pneumatic Radial Piston/Air Motor Kits,31,C:/Users/REX/Documents/PDFCategoryTreeBuilder/345020EN-G.pdf
"""25C529""",Agitators/Pneumatic Radial Piston/Air Motor Kits,31,C:/Users/REX/Documents/PDFCategoryTreeBuilder/345020EN-G.pdf
"""26B619""",Agitators/Pneumatic Radial Piston/Air Motor Kits,31,C:/Users/REX/Documents/PDFCategoryTreeBuilder/345020EN-G.pdf
"""25C528""",Agitators/Pneumatic Radial Piston/Air Motor Kits,31,C:/Users/REX/Documents/PDFCategoryTreeBuilder/345020EN-G.pdf
"""25N881""",Agitators/Pneumatic Radial Piston/Air Motor Kits,31,C:/Users/REX/Documents/PDFCategoryTreeBuilder/345020EN-G.pdf
"""25C540""",Agitators/Pneumatic Radial Piston/Air Motor Kits,31,C:/Users/REX/Documents/PDFCategoryTreeBuilder/345020EN-G.pdf
"""26B618""",Agitators/Pneumatic Radial Piston/Air Motor Kits,31,C:/Users/REX/Documents/PDFCategoryTreeBuilder/345020EN-G.pdf
"""25M481""",Agitators/Pneumatic Radial Piston/Air Motor Kits,31,C:/Users/REX/Documents/PDFCategoryTreeBuilder/345020EN-G.pdf
"""26B632""",Agitators/Pneumatic Radial Piston/Air Motor Kits,31,C:/Users/REX/Documents/PDFCategoryTreeBuilder/345020EN-G.pdf
"""25C535""",Agitators/Pneumatic Radial Piston/Air Motor Kits,31,C:/Users/REX/Documents/PDFCategoryTreeBuilder/345020EN-G.pdf
"""25C537""",Agitators/Pneumatic Radial Piston/Air Motor Kits,31,C:/Users/REX/Documents/PDFCategoryTreeBuilder/345020EN-G.pdf
"""25C451""",Agitators/Electric/Back Geared Drum Agitator and Elevator System,34,C:/Users/REX/Documents/PDFCategoryTreeBuilder/345020EN-G.pdf
"""25C481""",Agitators/Electric/Back Geared Drum Agitator and Elevator System,34,C:/Users/REX/Documents/PDFCategoryTreeBuilder/345020EN-G.pdf
"""25C486""",Agitators/Electric/Back Geared Drum Agitator and Elevator System,34,C:/Users/REX/Documents/PDFCategoryTreeBuilder/345020EN-G.pdf
"""25C487""",Agitators/Electric/Back Geared Drum Agitator and Elevator System,34,C:/Users/REX/Documents/PDFCategoryTreeBuilder/345020EN-G.pdf
"""25C488""",Agitators/Electric/Back Geared Drum Agitator and Elevator System,34,C:/Users/REX/Documents/PDFCategoryTreeBuilder/345020EN-G.pdf
"""25C480""",Agitators/Electric/Back Geared Drum Agitator and Elevator System,34,C:/Users/REX/Documents/PDFCategoryTreeBuilder/345020EN-G.pdf
"""25C484""",Agitators/Electric/Back Geared Drum Agitator and Elevator System,34,C:/Users/REX/Documents/PDFCategoryTreeBuilder/345020EN-G.pdf
"""25C374""",Agitators/Electric/Back Geared Drum Agitator and Elevator System,34,C:/Users/REX/Documents/PDFCategoryTreeBuilder/345020EN-G.pdf
"""25C483""",Agitators/Electric/Back Geared Drum Agitator and Elevator System,34,C:/Users/REX/Documents/PDFCategoryTreeBuilder/345020EN-G.pdf
"""25C485""",Agitators/Electric/Back Geared Drum Agitator and Elevator System,34,C:/Users/REX/Documents/PDFCategoryTreeBuilder/345020EN-G.pdf
"""17P008""",Agitators/Electric/Agitator Shaft and Blades,35,C:/Users/REX/Documents/PDFCategoryTreeBuilder/345020EN-G.pdf
"""17P011""",Agitators/Electric/Agitator Shaft and Blades,35,C:/Users/REX/Documents/PDFCategoryTreeBuilder/345020EN-G.pdf
"""17P021""",Agitators/Electric/Agitator Shaft and Blades,35,C:/Users/REX/Documents/PDFCategoryTreeBuilder/345020EN-G.pdf
"""17N712""",Agitators/Electric/Agitator Shaft and Blades,35,C:/Users/REX/Documents/PDFCategoryTreeBuilder/345020EN-G.pdf
"""17P009""",Agitators/Electric/Agitator Shaft and Blades,35,C:/Users/REX/Documents/PDFCategoryTreeBuilder/345020EN-G.pdf
"""17P020""",Agitators/Electric/Agitator Shaft and Blades,35,C:/Users/REX/Documents/PDFCategoryTreeBuilder/345020EN-G.pdf
"""17P012""",Agitators/Electric/Agitator Shaft and Blades,35,C:/Users/REX/Documents/PDFCategoryTreeBuilder/345020EN-G.pdf
"""17P007""",Agitators/Electric/Agitator Shaft and Blades,35,C:/Users/REX/Documents/PDFCategoryTreeBuilder/345020EN-G.pdf
"""17P022""",Agitators/Electric/Agitator Shaft and Blades,35,C:/Users/REX/Documents/PDFCategoryTreeBuilder/345020EN-G.pdf
"""17P005""",Agitators/Electric/Agitator Shaft and Blades,35,C:/Users/REX/Documents/PDFCategoryTreeBuilder/345020EN-G.pdf
"""17P010""",Agitators/Electric/Agitator Shaft and Blades,35,C:/Users/REX/Documents/PDFCategoryTreeBuilder/345020EN-G.pdf
"""17P018""",Agitators/Electric/Agitator Shaft and Blades,35,C:/Users/REX/Documents/PDFCategoryTreeBuilder/345020EN-G.pdf
"""17P015""",Agitators/Electric/Agitator Shaft and Blades,35,C:/Users/REX/Documents/PDFCategoryTreeBuilder/345020EN-G.pdf
"""17P019""",Agitators/Electric/Agitator Shaft and Blades,35,C:/Users/REX/Documents/PDFCategoryTreeBuilder/345020EN-G.pdf
"""17P006""",Agitators/Electric/Agitator Shaft and Blades,35,C:/Users/REX/Documents/PDFCategoryTreeBuilder/345020EN-G.pdf
"""17P014""",Agitators/Electric/Agitator Shaft and Blades,35,C:/Users/REX/Documents/PDFCategoryTreeBuilder/345020EN-G.pdf
"""17P013""",Agitators/Electric/Agitator Shaft and Blades,35,C:/Users/REX/Documents/PDFCategoryTreeBuilder/345020EN-G.pdf
"""17N708""",Agitators/Electric/Agitator Shaft and Blades,35,C:/Users/REX/Documents/PDFCategoryTreeBuilder/345020EN-G.pdf
"""17N704""",Agitators/Electric/Agitator Shaft and Blades,35,C:/Users/REX/Documents/PDFCategoryTreeBuilder/345020EN-G.pdf
"""17P017""",Agitators/Electric/Agitator Shaft and Blades,35,C:/Users/REX/Documents/PDFCategoryTreeBuilder/345020EN-G.pdf
"""17P016""",Agitators/Electric/Agitator Shaft and Blades,35,C:/Users/REX/Documents/PDFCategoryTreeBuilder/345020EN-G.pdf
"""17P023""",Agitators/Electric/Agitator Shaft and Blades,35,C:/Users/REX/Documents/PDFCategoryTreeBuilder/345020EN-G.pdf
"""25N645""",Gear Reducer and Variable Frequency Drive (VFD),36,C:/Users/REX/Documents/PDFCategoryTreeBuilder/345020EN-G.pdf
"""25N644""",Gear Reducer and Variable Frequency Drive (VFD),36,C:/Users/REX/Documents/PDFCategoryTreeBuilder/345020EN-G.pdf
"""U22695""",Air Preparation and Controls/3-Stage Membrane Drying System,39,C:/Users/REX/Documents/PDFCategoryTreeBuilder/345020EN-G.pdf
"""234407""",In-line Air Filters and Coalescer,41,C:/Users/REX/Documents/PDFCategoryTreeBuilder/345020EN-G.pdf
"""234406""",In-line Air Filters and Coalescer,41,C:/Users/REX/Documents/PDFCategoryTreeBuilder/345020EN-G.pdf
"""234408""",In-line Air Filters and Coalescer,41,C:/Users/REX/Documents/PDFCategoryTreeBuilder/345020EN-G.pdf
"""234409""",In-line Air Filters and Coalescer,41,C:/Users/REX/Documents/PDFCategoryTreeBuilder/345020EN-G.pdf
"""234405""",In-line Air Filters and Coalescer,41,C:/Users/REX/Documents/PDFCategoryTreeBuilder/345020EN-G.pdf
"""234394""",Air Preparation and Controls/Low Pressure Air Regulators,42,C:/Users/REX/Documents/PDFCategoryTreeBuilder/345020EN-G.pdf
"""234393""",Air Preparation and Controls/Low Pressure Air Regulators,42,C:/Users/REX/Documents/PDFCategoryTreeBuilder/345020EN-G.pdf
"""234392""",Air Preparation and Controls/Low Pressure Air Regulators,42,C:/Users/REX/Documents/PDFCategoryTreeBuilder/345020EN-G.pdf
"""234389""",Air Preparation and Controls/Low Pressure Air Regulators,42,C:/Users/REX/Documents/PDFCategoryTreeBuilder/345020EN-G.pdf
"""234390""",Air Preparation and Controls/Low Pressure Air Regulators,42,C:/Users/REX/Documents/PDFCategoryTreeBuilder/345020EN-G.pdf
"""234391""",Air Preparation and Controls/Low Pressure Air Regulators,42,C:/Users/REX/Documents/PDFCategoryTreeBuilder/345020EN-G.pdf
106149,"Air Preparation and Controls/Filters, Lubricators, Regulators",44,C:/Users/REX/Documents/PDFCategoryTreeBuilder/345020EN-G.pdf
106148,"Air Preparation and Controls/Filters, Lubricators, Regulators",44,C:/Users/REX/Documents/PDFCategoryTreeBuilder/345020EN-G.pdf
217074,"Air Preparation and Controls/Filters, Lubricators, Regulators",44,C:/Users/REX/Documents/PDFCategoryTreeBuilder/345020EN-G.pdf
112859,"Air Preparation and Controls/Filters, Lubricators, Regulators",44,C:/Users/REX/Documents/PDFCategoryTreeBuilder/345020EN-G.pdf
"""104815""",The page number 45 does not have a corresponding category listed in the provided JSON data.,45,C:/Users/REX/Documents/PDFCategoryTreeBuilder/345020EN-G.pdf
"""111804""",The page number 45 does not have a corresponding category listed in the provided JSON data.,45,C:/Users/REX/Documents/PDFCategoryTreeBuilder/345020EN-G.pdf
"""206237""",The page number 45 does not have a corresponding category listed in the provided JSON data.,45,C:/Users/REX/Documents/PDFCategoryTreeBuilder/345020EN-G.pdf
"""110318""",The page number 45 does not have a corresponding category listed in the provided JSON data.,45,C:/Users/REX/Documents/PDFCategoryTreeBuilder/345020EN-G.pdf
"""104266""",The page number 45 does not have a corresponding category listed in the provided JSON data.,45,C:/Users/REX/Documents/PDFCategoryTreeBuilder/345020EN-G.pdf
"""104267""",The page number 45 does not have a corresponding category listed in the provided JSON data.,45,C:/Users/REX/Documents/PDFCategoryTreeBuilder/345020EN-G.pdf
"""171937""",The page number 45 does not have a corresponding category listed in the provided JSON data.,45,C:/Users/REX/Documents/PDFCategoryTreeBuilder/345020EN-G.pdf
"""110341""",The page number 45 does not have a corresponding category listed in the provided JSON data.,45,C:/Users/REX/Documents/PDFCategoryTreeBuilder/345020EN-G.pdf
214706,Pressure Regulators/Pressure Regulators Product Matrix,47,C:/Users/REX/Documents/PDFCategoryTreeBuilder/345020EN-G.pdf
234266,Pressure Regulators/Pressure Regulators Product Matrix,47,C:/Users/REX/Documents/PDFCategoryTreeBuilder/345020EN-G.pdf
234264,Pressure Regulators/Pressure Regulators Product Matrix,47,C:/Users/REX/Documents/PDFCategoryTreeBuilder/345020EN-G.pdf
234259,Pressure Regulators/Pressure Regulators Product Matrix,47,C:/Users/REX/Documents/PDFCategoryTreeBuilder/345020EN-G.pdf
221118,Pressure Regulators/Pressure Regulators Product Matrix,47,C:/Users/REX/Documents/PDFCategoryTreeBuilder/345020EN-G.pdf
234256,Pressure Regulators/Pressure Regulators Product Matrix,47,C:/Users/REX/Documents/PDFCategoryTreeBuilder/345020EN-G.pdf
214895,Pressure Regulators/Pressure Regulators Product Matrix,47,C:/Users/REX/Documents/PDFCategoryTreeBuilder/345020EN-G.pdf
234263,Pressure Regulators/Pressure Regulators Product Matrix,47,C:/Users/REX/Documents/PDFCategoryTreeBuilder/345020EN-G.pdf
234273,Pressure Regulators/Pressure Regulators Product Matrix,47,C:/Users/REX/Documents/PDFCategoryTreeBuilder/345020EN-G.pdf
234271,Pressure Regulators/Pressure Regulators Product Matrix,47,C:/Users/REX/Documents/PDFCategoryTreeBuilder/345020EN-G.pdf
234265,Pressure Regulators/Pressure Regulators Product Matrix,47,C:/Users/REX/Documents/PDFCategoryTreeBuilder/345020EN-G.pdf
234267,Pressure Regulators/Pressure Regulators Product Matrix,47,C:/Users/REX/Documents/PDFCategoryTreeBuilder/345020EN-G.pdf
217314,Pressure Regulators/Pressure Regulators Product Matrix,47,C:/Users/REX/Documents/PDFCategoryTreeBuilder/345020EN-G.pdf
234270,Pressure Regulators/Pressure Regulators Product Matrix,47,C:/Users/REX/Documents/PDFCategoryTreeBuilder/345020EN-G.pdf
214980,Pressure Regulators/Pressure Regulators Product Matrix,47,C:/Users/REX/Documents/PDFCategoryTreeBuilder/345020EN-G.pdf
234272,Pressure Regulators/Pressure Regulators Product Matrix,47,C:/Users/REX/Documents/PDFCategoryTreeBuilder/345020EN-G.pdf
"""234258""",The page number 48 does not have a corresponding category in the provided JSON data.,48,C:/Users/REX/Documents/PDFCategoryTreeBuilder/345020EN-G.pdf
"""234262""",The page number 48 does not have a corresponding category in the provided JSON data.,48,C:/Users/REX/Documents/PDFCategoryTreeBuilder/345020EN-G.pdf
"""234261""",The page number 48 does not have a corresponding category in the provided JSON data.,48,C:/Users/REX/Documents/PDFCategoryTreeBuilder/345020EN-G.pdf
"""234255""",The page number 48 does not have a corresponding category in the provided JSON data.,48,C:/Users/REX/Documents/PDFCategoryTreeBuilder/345020EN-G.pdf
"""234257""",The page number 48 does not have a corresponding category in the provided JSON data.,48,C:/Users/REX/Documents/PDFCategoryTreeBuilder/345020EN-G.pdf
"""222115""",Pressure Regulators/Low Pressure,49,C:/Users/REX/Documents/PDFCategoryTreeBuilder/345020EN-G.pdf
"""214980""",Pressure Regulators/Low Pressure,49,C:/Users/REX/Documents/PDFCategoryTreeBuilder/345020EN-G.pdf
"""217314""",Pressure Regulators/Low Pressure,49,C:/Users/REX/Documents/PDFCategoryTreeBuilder/345020EN-G.pdf
"""214706""",Pressure Regulators/Low Pressure,49,C:/Users/REX/Documents/PDFCategoryTreeBuilder/345020EN-G.pdf
"""221118""",Pressure Regulators/Low Pressure,49,C:/Users/REX/Documents/PDFCategoryTreeBuilder/345020EN-G.pdf
"""236450""",Low Pressure Lightweight Composite,50,C:/Users/REX/Documents/PDFCategoryTreeBuilder/345020EN-G.pdf
"""236216""",Low Pressure Lightweight Composite,50,C:/Users/REX/Documents/PDFCategoryTreeBuilder/345020EN-G.pdf
"""236449""",Low Pressure Lightweight Composite,50,C:/Users/REX/Documents/PDFCategoryTreeBuilder/345020EN-G.pdf
"""241976""",Low Pressure Lightweight Composite,50,C:/Users/REX/Documents/PDFCategoryTreeBuilder/345020EN-G.pdf
"""236281""",Low Pressure Lightweight Composite,50,C:/Users/REX/Documents/PDFCategoryTreeBuilder/345020EN-G.pdf
'238891',High Pressure Corrosion Resistant,52,C:/Users/REX/Documents/PDFCategoryTreeBuilder/345020EN-G.pdf
'238889',High Pressure Corrosion Resistant,52,C:/Users/REX/Documents/PDFCategoryTreeBuilder/345020EN-G.pdf
'238894',High Pressure Corrosion Resistant,52,C:/Users/REX/Documents/PDFCategoryTreeBuilder/345020EN-G.pdf
'238890',High Pressure Corrosion Resistant,52,C:/Users/REX/Documents/PDFCategoryTreeBuilder/345020EN-G.pdf
'238893',High Pressure Corrosion Resistant,52,C:/Users/REX/Documents/PDFCategoryTreeBuilder/345020EN-G.pdf
'238892',High Pressure Corrosion Resistant,52,C:/Users/REX/Documents/PDFCategoryTreeBuilder/345020EN-G.pdf
"""222121""",High Pressure Corrosion Resistant Mini,53,C:/Users/REX/Documents/PDFCategoryTreeBuilder/345020EN-G.pdf
"""240197""",High Pressure Corrosion Resistant Mini,53,C:/Users/REX/Documents/PDFCategoryTreeBuilder/345020EN-G.pdf
"""240198""",High Pressure Corrosion Resistant Mini,53,C:/Users/REX/Documents/PDFCategoryTreeBuilder/345020EN-G.pdf
"""206661""",Medium Pressure,54,C:/Users/REX/Documents/PDFCategoryTreeBuilder/345020EN-G.pdf
"""217576""",Medium Pressure,54,C:/Users/REX/Documents/PDFCategoryTreeBuilder/345020EN-G.pdf
"""17H273""",Low Shear High Wear Resistant,55,C:/Users/REX/Documents/PDFCategoryTreeBuilder/345020EN-G.pdf
"""17F440""",Low Shear High Wear Resistant,55,C:/Users/REX/Documents/PDFCategoryTreeBuilder/345020EN-G.pdf
"""25R457""",Low Shear High Wear Resistant,55,C:/Users/REX/Documents/PDFCategoryTreeBuilder/345020EN-G.pdf
"""25T507""",Low Shear High Wear Resistant,55,C:/Users/REX/Documents/PDFCategoryTreeBuilder/345020EN-G.pdf
"""17G576""",Low Shear High Wear Resistant,55,C:/Users/REX/Documents/PDFCategoryTreeBuilder/345020EN-G.pdf
"""25T509""",Low Shear High Wear Resistant,55,C:/Users/REX/Documents/PDFCategoryTreeBuilder/345020EN-G.pdf
"""25R487""",Low Shear High Wear Resistant,55,C:/Users/REX/Documents/PDFCategoryTreeBuilder/345020EN-G.pdf
"""3A7527A""",Low Shear High Wear Resistant,55,C:/Users/REX/Documents/PDFCategoryTreeBuilder/345020EN-G.pdf
"""25R488""",Low Shear High Wear Resistant,55,C:/Users/REX/Documents/PDFCategoryTreeBuilder/345020EN-G.pdf
"""25R842""",Low Shear High Wear Resistant,55,C:/Users/REX/Documents/PDFCategoryTreeBuilder/345020EN-G.pdf
"""25R647""",Low Shear High Wear Resistant,55,C:/Users/REX/Documents/PDFCategoryTreeBuilder/345020EN-G.pdf
"""19A834""",Low Shear High Wear Resistant,55,C:/Users/REX/Documents/PDFCategoryTreeBuilder/345020EN-G.pdf
"""17K780""",Low Shear High Wear Resistant,55,C:/Users/REX/Documents/PDFCategoryTreeBuilder/345020EN-G.pdf
"""25T508""",Low Shear High Wear Resistant,55,C:/Users/REX/Documents/PDFCategoryTreeBuilder/345020EN-G.pdf
"""25R490""",Back Pressure Regulators (BPR)/Medium Pressure BPR,56,C:/Users/REX/Documents/PDFCategoryTreeBuilder/345020EN-G.pdf
"""25R491""",Back Pressure Regulators (BPR)/Medium Pressure BPR,56,C:/Users/REX/Documents/PDFCategoryTreeBuilder/345020EN-G.pdf
"""25T477""",Back Pressure Regulators (BPR)/Medium Pressure BPR,56,C:/Users/REX/Documents/PDFCategoryTreeBuilder/345020EN-G.pdf
"""25T478""",Back Pressure Regulators (BPR)/Medium Pressure BPR,56,C:/Users/REX/Documents/PDFCategoryTreeBuilder/345020EN-G.pdf
"""903508""",Back Pressure Regulators (BPR)/Low Pressure Corrosion Resistant,57,C:/Users/REX/Documents/PDFCategoryTreeBuilder/345020EN-G.pdf
"""916154""",Back Pressure Regulators (BPR)/Low Pressure Corrosion Resistant,57,C:/Users/REX/Documents/PDFCategoryTreeBuilder/345020EN-G.pdf
"""CS""",Back Pressure Regulators (BPR)/Low Pressure Mini,58,C:/Users/REX/Documents/PDFCategoryTreeBuilder/345020EN-G.pdf
'288311',Back Pressure Regulators (BPR)/Air Operated Corrosion Resistant,59,C:/Users/REX/Documents/PDFCategoryTreeBuilder/345020EN-G.pdf
'288262',Back Pressure Regulators (BPR)/Air Operated Corrosion Resistant,59,C:/Users/REX/Documents/PDFCategoryTreeBuilder/345020EN-G.pdf
'288117',Back Pressure Regulators (BPR)/Air Operated Corrosion Resistant,59,C:/Users/REX/Documents/PDFCategoryTreeBuilder/345020EN-G.pdf
"""223824""",Back Pressure Regulators (BPR)/Low Shear Corrosion Resistant,60,C:/Users/REX/Documents/PDFCategoryTreeBuilder/345020EN-G.pdf
"""224486""",Back Pressure Regulators (BPR)/Low Shear Corrosion Resistant,60,C:/Users/REX/Documents/PDFCategoryTreeBuilder/345020EN-G.pdf
"""206019""",Back Pressure Regulators (BPR)/Low Pressure BPR,61,C:/Users/REX/Documents/PDFCategoryTreeBuilder/345020EN-G.pdf
"""306770""",Back Pressure Regulators (BPR)/Low Pressure BPR,61,C:/Users/REX/Documents/PDFCategoryTreeBuilder/345020EN-G.pdf
"""206819""",Back Pressure Regulators (BPR)/High Pressure BPR,62,C:/Users/REX/Documents/PDFCategoryTreeBuilder/345020EN-G.pdf
"""222405""",Back Pressure Regulators (BPR)/High Pressure BPR,62,C:/Users/REX/Documents/PDFCategoryTreeBuilder/345020EN-G.pdf
"""238926""",Back Pressure Regulators (BPR)/High Pressure BPR,62,C:/Users/REX/Documents/PDFCategoryTreeBuilder/345020EN-G.pdf
"""234268""",Back Pressure Regulators (BPR)/High Pressure BPR,62,C:/Users/REX/Documents/PDFCategoryTreeBuilder/345020EN-G.pdf
"""234269""",Back Pressure Regulators (BPR)/High Pressure BPR,62,C:/Users/REX/Documents/PDFCategoryTreeBuilder/345020EN-G.pdf
"""223623""",Gun Controls and Adapters/Gun-Mounted Fluid Regulator,63,C:/Users/REX/Documents/PDFCategoryTreeBuilder/345020EN-G.pdf
"""223621""",Gun Controls and Adapters/Gun-Mounted Fluid Regulator,63,C:/Users/REX/Documents/PDFCategoryTreeBuilder/345020EN-G.pdf
"""223622""",Gun Controls and Adapters/Gun-Mounted Fluid Regulator,63,C:/Users/REX/Documents/PDFCategoryTreeBuilder/345020EN-G.pdf
"""208082""",Gun Controls and Adapters/Gun-Mounted Fluid Regulator,63,C:/Users/REX/Documents/PDFCategoryTreeBuilder/345020EN-G.pdf
"""223620""",Fluid Restrictor Valves,64,C:/Users/REX/Documents/PDFCategoryTreeBuilder/345020EN-G.pdf
"""223618""",Fluid Restrictor Valves,64,C:/Users/REX/Documents/PDFCategoryTreeBuilder/345020EN-G.pdf
"""223619""",Fluid Restrictor Valves,64,C:/Users/REX/Documents/PDFCategoryTreeBuilder/345020EN-G.pdf
"""223617""",Fluid Restrictor Valves,64,C:/Users/REX/Documents/PDFCategoryTreeBuilder/345020EN-G.pdf
"""223625""",Gun Controls and Adapters/Fluid Adaptors,65,C:/Users/REX/Documents/PDFCategoryTreeBuilder/345020EN-G.pdf
"""223628""",Gun Controls and Adapters/Fluid Adaptors,65,C:/Users/REX/Documents/PDFCategoryTreeBuilder/345020EN-G.pdf
"""223624""",Gun Controls and Adapters/Fluid Adaptors,65,C:/Users/REX/Documents/PDFCategoryTreeBuilder/345020EN-G.pdf
"""223627""",Gun Controls and Adapters/Fluid Adaptors,65,C:/Users/REX/Documents/PDFCategoryTreeBuilder/345020EN-G.pdf
"""238988""",Surge Suppressors/High Flow,68,C:/Users/REX/Documents/PDFCategoryTreeBuilder/345020EN-G.pdf
"""307707""",Surge Suppressors/High Flow,68,C:/Users/REX/Documents/PDFCategoryTreeBuilder/345020EN-G.pdf
"""238987""",Surge Suppressors/High Flow,68,C:/Users/REX/Documents/PDFCategoryTreeBuilder/345020EN-G.pdf
"""218509""",Surge Suppressors/High Flow,68,C:/Users/REX/Documents/PDFCategoryTreeBuilder/345020EN-G.pdf
"""238986""",Surge Suppressors/High Flow,68,C:/Users/REX/Documents/PDFCategoryTreeBuilder/345020EN-G.pdf
"""240183""",Filters/Stainless Steel High Pressure Filter,72,C:/Users/REX/Documents/PDFCategoryTreeBuilder/345020EN-G.pdf
"""238782""",Filters/Stainless Steel High Pressure Filter,72,C:/Users/REX/Documents/PDFCategoryTreeBuilder/345020EN-G.pdf
306987,High Pressure Red Alert Filter,73,C:/Users/REX/Documents/PDFCategoryTreeBuilder/345020EN-G.pdf
208000,High Pressure Red Alert Filter,73,C:/Users/REX/Documents/PDFCategoryTreeBuilder/345020EN-G.pdf
207994,High Pressure Red Alert Filter,73,C:/Users/REX/Documents/PDFCategoryTreeBuilder/345020EN-G.pdf
210090,High Pressure Red Alert Filter,73,C:/Users/REX/Documents/PDFCategoryTreeBuilder/345020EN-G.pdf
207998,High Pressure Red Alert Filter,73,C:/Users/REX/Documents/PDFCategoryTreeBuilder/345020EN-G.pdf
207995,High Pressure Red Alert Filter,73,C:/Users/REX/Documents/PDFCategoryTreeBuilder/345020EN-G.pdf
207997,High Pressure Red Alert Filter,73,C:/Users/REX/Documents/PDFCategoryTreeBuilder/345020EN-G.pdf
207996,High Pressure Red Alert Filter,73,C:/Users/REX/Documents/PDFCategoryTreeBuilder/345020EN-G.pdf
207999,High Pressure Red Alert Filter,73,C:/Users/REX/Documents/PDFCategoryTreeBuilder/345020EN-G.pdf
'25M212',Filters/Stainless Steel High Pressure Red Alert Filter,74,C:/Users/REX/Documents/PDFCategoryTreeBuilder/345020EN-G.pdf
'3A4936',Filters/Stainless Steel High Pressure Red Alert Filter,74,C:/Users/REX/Documents/PDFCategoryTreeBuilder/345020EN-G.pdf
"""213058""",Low Pressure Red Alert Filter,75,C:/Users/REX/Documents/PDFCategoryTreeBuilder/345020EN-G.pdf
"""213057""",Low Pressure Red Alert Filter,75,C:/Users/REX/Documents/PDFCategoryTreeBuilder/345020EN-G.pdf
"""213065""",Low Pressure Red Alert Filter,75,C:/Users/REX/Documents/PDFCategoryTreeBuilder/345020EN-G.pdf
"""213063""",Low Pressure Red Alert Filter,75,C:/Users/REX/Documents/PDFCategoryTreeBuilder/345020EN-G.pdf
"""213060""",Low Pressure Red Alert Filter,75,C:/Users/REX/Documents/PDFCategoryTreeBuilder/345020EN-G.pdf
"""213059""",Low Pressure Red Alert Filter,75,C:/Users/REX/Documents/PDFCategoryTreeBuilder/345020EN-G.pdf
"""213066""",Low Pressure Red Alert Filter,75,C:/Users/REX/Documents/PDFCategoryTreeBuilder/345020EN-G.pdf
"""213061""",Low Pressure Red Alert Filter,75,C:/Users/REX/Documents/PDFCategoryTreeBuilder/345020EN-G.pdf
"""213064""",Low Pressure Red Alert Filter,75,C:/Users/REX/Documents/PDFCategoryTreeBuilder/345020EN-G.pdf
"""213062""",Low Pressure Red Alert Filter,75,C:/Users/REX/Documents/PDFCategoryTreeBuilder/345020EN-G.pdf
"""16K506""",Filters/Model 6 Bag Filter Elements,77,C:/Users/REX/Documents/PDFCategoryTreeBuilder/345020EN-G.pdf
"""16K501""",Filters/Model 6 Bag Filter Elements,77,C:/Users/REX/Documents/PDFCategoryTreeBuilder/345020EN-G.pdf
"""16K498""",Filters/Model 6 Bag Filter Elements,77,C:/Users/REX/Documents/PDFCategoryTreeBuilder/345020EN-G.pdf
"""16K503""",Filters/Model 6 Bag Filter Elements,77,C:/Users/REX/Documents/PDFCategoryTreeBuilder/345020EN-G.pdf
"""16K497""",Filters/Model 6 Bag Filter Elements,77,C:/Users/REX/Documents/PDFCategoryTreeBuilder/345020EN-G.pdf
"""16K504""",Filters/Model 6 Bag Filter Elements,77,C:/Users/REX/Documents/PDFCategoryTreeBuilder/345020EN-G.pdf
"""16K502""",Filters/Model 6 Bag Filter Elements,77,C:/Users/REX/Documents/PDFCategoryTreeBuilder/345020EN-G.pdf
"""16K505""",Filters/Model 6 Bag Filter Elements,77,C:/Users/REX/Documents/PDFCategoryTreeBuilder/345020EN-G.pdf
"""16K499""",Filters/Model 6 Bag Filter Elements,77,C:/Users/REX/Documents/PDFCategoryTreeBuilder/345020EN-G.pdf
"""16K500""",Filters/Model 6 Bag Filter Elements,77,C:/Users/REX/Documents/PDFCategoryTreeBuilder/345020EN-G.pdf
"""521306""",Model 12 Bag Filter Housings,78,C:/Users/REX/Documents/PDFCategoryTreeBuilder/345020EN-G.pdf
"""916367""",Model 12 Bag Filter Housings,78,C:/Users/REX/Documents/PDFCategoryTreeBuilder/345020EN-G.pdf
"""915517""",Model 12 Bag Filter Housings,78,C:/Users/REX/Documents/PDFCategoryTreeBuilder/345020EN-G.pdf
"""915518""",Model 12 Bag Filter Housings,78,C:/Users/REX/Documents/PDFCategoryTreeBuilder/345020EN-G.pdf
"""521280""",Model 12 Bag Filter Housings,78,C:/Users/REX/Documents/PDFCategoryTreeBuilder/345020EN-G.pdf
"""311775""",Model 12 Bag Filter Housings,78,C:/Users/REX/Documents/PDFCategoryTreeBuilder/345020EN-G.pdf
"""521276""",Model 12 Bag Filter Housings,78,C:/Users/REX/Documents/PDFCategoryTreeBuilder/345020EN-G.pdf
"""521691""",Model 12 Bag Filter Housings,78,C:/Users/REX/Documents/PDFCategoryTreeBuilder/345020EN-G.pdf
"""16K513""",Model 12 Bag Filter Elements,79,C:/Users/REX/Documents/PDFCategoryTreeBuilder/345020EN-G.pdf
"""16K519""",Model 12 Bag Filter Elements,79,C:/Users/REX/Documents/PDFCategoryTreeBuilder/345020EN-G.pdf
"""16K520""",Model 12 Bag Filter Elements,79,C:/Users/REX/Documents/PDFCategoryTreeBuilder/345020EN-G.pdf
"""16K512""",Model 12 Bag Filter Elements,79,C:/Users/REX/Documents/PDFCategoryTreeBuilder/345020EN-G.pdf
"""16K515""",Model 12 Bag Filter Elements,79,C:/Users/REX/Documents/PDFCategoryTreeBuilder/345020EN-G.pdf
"""16K517""",Model 12 Bag Filter Elements,79,C:/Users/REX/Documents/PDFCategoryTreeBuilder/345020EN-G.pdf
"""16K518""",Model 12 Bag Filter Elements,79,C:/Users/REX/Documents/PDFCategoryTreeBuilder/345020EN-G.pdf
"""16K516""",Model 12 Bag Filter Elements,79,C:/Users/REX/Documents/PDFCategoryTreeBuilder/345020EN-G.pdf
"""16K510""",Model 12 Bag Filter Elements,79,C:/Users/REX/Documents/PDFCategoryTreeBuilder/345020EN-G.pdf
"""16K514""",Model 12 Bag Filter Elements,79,C:/Users/REX/Documents/PDFCategoryTreeBuilder/345020EN-G.pdf
"""16K511""",Model 12 Bag Filter Elements,79,C:/Users/REX/Documents/PDFCategoryTreeBuilder/345020EN-G.pdf
205099,Coupled Stainless Steel Hoses,84,C:/Users/REX/Documents/PDFCategoryTreeBuilder/345020EN-G.pdf
205058,Coupled Stainless Steel Hoses,84,C:/Users/REX/Documents/PDFCategoryTreeBuilder/345020EN-G.pdf
205349,Coupled Stainless Steel Hoses,84,C:/Users/REX/Documents/PDFCategoryTreeBuilder/345020EN-G.pdf
206024,Coupled Stainless Steel Hoses,84,C:/Users/REX/Documents/PDFCategoryTreeBuilder/345020EN-G.pdf
205324,Coupled Stainless Steel Hoses,84,C:/Users/REX/Documents/PDFCategoryTreeBuilder/345020EN-G.pdf
206966,Coupled Stainless Steel Hoses,84,C:/Users/REX/Documents/PDFCategoryTreeBuilder/345020EN-G.pdf
204938,Coupled Stainless Steel Hoses,84,C:/Users/REX/Documents/PDFCategoryTreeBuilder/345020EN-G.pdf
"""947077""",Moisture-Lok Hoses,85,C:/Users/REX/Documents/PDFCategoryTreeBuilder/345020EN-G.pdf
"""947085""",Moisture-Lok Hoses,85,C:/Users/REX/Documents/PDFCategoryTreeBuilder/345020EN-G.pdf
"""947233""",Moisture-Lok Hoses,85,C:/Users/REX/Documents/PDFCategoryTreeBuilder/345020EN-G.pdf
"""947082""",Moisture-Lok Hoses,85,C:/Users/REX/Documents/PDFCategoryTreeBuilder/345020EN-G.pdf
"""947087""",Moisture-Lok Hoses,85,C:/Users/REX/Documents/PDFCategoryTreeBuilder/345020EN-G.pdf
"""947093""",Moisture-Lok Hoses,85,C:/Users/REX/Documents/PDFCategoryTreeBuilder/345020EN-G.pdf
"""947079""",Moisture-Lok Hoses,85,C:/Users/REX/Documents/PDFCategoryTreeBuilder/345020EN-G.pdf
"""947084""",Moisture-Lok Hoses,85,C:/Users/REX/Documents/PDFCategoryTreeBuilder/345020EN-G.pdf
"""947086""",Moisture-Lok Hoses,85,C:/Users/REX/Documents/PDFCategoryTreeBuilder/345020EN-G.pdf
"""947091""",Moisture-Lok Hoses,85,C:/Users/REX/Documents/PDFCategoryTreeBuilder/345020EN-G.pdf
"""947092""",Moisture-Lok Hoses,85,C:/Users/REX/Documents/PDFCategoryTreeBuilder/345020EN-G.pdf
"""947094""",Moisture-Lok Hoses,85,C:/Users/REX/Documents/PDFCategoryTreeBuilder/345020EN-G.pdf
"""947076""",Moisture-Lok Hoses,85,C:/Users/REX/Documents/PDFCategoryTreeBuilder/345020EN-G.pdf
"""947081""",Moisture-Lok Hoses,85,C:/Users/REX/Documents/PDFCategoryTreeBuilder/345020EN-G.pdf
"""947475""",Moisture-Lok Hoses,85,C:/Users/REX/Documents/PDFCategoryTreeBuilder/345020EN-G.pdf
"""947089""",Moisture-Lok Hoses,85,C:/Users/REX/Documents/PDFCategoryTreeBuilder/345020EN-G.pdf
"""947083""",Moisture-Lok Hoses,85,C:/Users/REX/Documents/PDFCategoryTreeBuilder/345020EN-G.pdf
"""947096""",Moisture-Lok Hoses,85,C:/Users/REX/Documents/PDFCategoryTreeBuilder/345020EN-G.pdf
"""947078""",Moisture-Lok Hoses,85,C:/Users/REX/Documents/PDFCategoryTreeBuilder/345020EN-G.pdf
"""947080""",Moisture-Lok Hoses,85,C:/Users/REX/Documents/PDFCategoryTreeBuilder/345020EN-G.pdf
'239394',High Pressure Swivels,86,C:/Users/REX/Documents/PDFCategoryTreeBuilder/345020EN-G.pdf
'204083',High Pressure Swivels,86,C:/Users/REX/Documents/PDFCategoryTreeBuilder/345020EN-G.pdf
'306708',High Pressure Swivels,86,C:/Users/REX/Documents/PDFCategoryTreeBuilder/345020EN-G.pdf
'207947',High Pressure Swivels,86,C:/Users/REX/Documents/PDFCategoryTreeBuilder/345020EN-G.pdf
'214926',High Pressure Swivels,86,C:/Users/REX/Documents/PDFCategoryTreeBuilder/345020EN-G.pdf
'307005',High Pressure Swivels,86,C:/Users/REX/Documents/PDFCategoryTreeBuilder/345020EN-G.pdf
'207946',High Pressure Swivels,86,C:/Users/REX/Documents/PDFCategoryTreeBuilder/345020EN-G.pdf
'207948',High Pressure Swivels,86,C:/Users/REX/Documents/PDFCategoryTreeBuilder/345020EN-G.pdf
'204084',High Pressure Swivels,86,C:/Users/REX/Documents/PDFCategoryTreeBuilder/345020EN-G.pdf
'189018',High Pressure Swivels,86,C:/Users/REX/Documents/PDFCategoryTreeBuilder/345020EN-G.pdf
'214925',High Pressure Swivels,86,C:/Users/REX/Documents/PDFCategoryTreeBuilder/345020EN-G.pdf
"""501684""","Hoses, Fittings, Swivels and Gauges/Check Valves",88,C:/Users/REX/Documents/PDFCategoryTreeBuilder/345020EN-G.pdf
"""501603""","Hoses, Fittings, Swivels and Gauges/Check Valves",88,C:/Users/REX/Documents/PDFCategoryTreeBuilder/345020EN-G.pdf
"""501867""","Hoses, Fittings, Swivels and Gauges/Check Valves",88,C:/Users/REX/Documents/PDFCategoryTreeBuilder/345020EN-G.pdf
"""237074""","Hoses, Fittings, Swivels and Gauges/Pressure Relief Valve",89,C:/Users/REX/Documents/PDFCategoryTreeBuilder/345020EN-G.pdf
"""237061""","Hoses, Fittings, Swivels and Gauges/Pressure Relief Valve",89,C:/Users/REX/Documents/PDFCategoryTreeBuilder/345020EN-G.pdf
"""237073""","Hoses, Fittings, Swivels and Gauges/Pressure Relief Valve",89,C:/Users/REX/Documents/PDFCategoryTreeBuilder/345020EN-G.pdf
"""237062""","Hoses, Fittings, Swivels and Gauges/Pressure Relief Valve",89,C:/Users/REX/Documents/PDFCategoryTreeBuilder/345020EN-G.pdf
"""237060""","Hoses, Fittings, Swivels and Gauges/Pressure Relief Valve",89,C:/Users/REX/Documents/PDFCategoryTreeBuilder/345020EN-G.pdf
"""237112""","Hoses, Fittings, Swivels and Gauges/Pressure Relief Valve",89,C:/Users/REX/Documents/PDFCategoryTreeBuilder/345020EN-G.pdf
"""237063""","Hoses, Fittings, Swivels and Gauges/Pressure Relief Valve",89,C:/Users/REX/Documents/PDFCategoryTreeBuilder/345020EN-G.pdf
"""237535""","Hoses, Fittings, Swivels and Gauges/Ball Valves",90,C:/Users/REX/Documents/PDFCategoryTreeBuilder/345020EN-G.pdf
"""237532""","Hoses, Fittings, Swivels and Gauges/Ball Valves",90,C:/Users/REX/Documents/PDFCategoryTreeBuilder/345020EN-G.pdf
"""237528""","Hoses, Fittings, Swivels and Gauges/Ball Valves",90,C:/Users/REX/Documents/PDFCategoryTreeBuilder/345020EN-G.pdf
"""237538""","Hoses, Fittings, Swivels and Gauges/Ball Valves",90,C:/Users/REX/Documents/PDFCategoryTreeBuilder/345020EN-G.pdf
"""237536""","Hoses, Fittings, Swivels and Gauges/Ball Valves",90,C:/Users/REX/Documents/PDFCategoryTreeBuilder/345020EN-G.pdf
"""237531""","Hoses, Fittings, Swivels and Gauges/Ball Valves",90,C:/Users/REX/Documents/PDFCategoryTreeBuilder/345020EN-G.pdf
"""237529""","Hoses, Fittings, Swivels and Gauges/Ball Valves",90,C:/Users/REX/Documents/PDFCategoryTreeBuilder/345020EN-G.pdf
"""237540""","Hoses, Fittings, Swivels and Gauges/Ball Valves",90,C:/Users/REX/Documents/PDFCategoryTreeBuilder/345020EN-G.pdf
"""237542""","Hoses, Fittings, Swivels and Gauges/Ball Valves",90,C:/Users/REX/Documents/PDFCategoryTreeBuilder/345020EN-G.pdf
"""237539""","Hoses, Fittings, Swivels and Gauges/Ball Valves",90,C:/Users/REX/Documents/PDFCategoryTreeBuilder/345020EN-G.pdf
"""237537""","Hoses, Fittings, Swivels and Gauges/Ball Valves",90,C:/Users/REX/Documents/PDFCategoryTreeBuilder/345020EN-G.pdf
"""237530""","Hoses, Fittings, Swivels and Gauges/Ball Valves",90,C:/Users/REX/Documents/PDFCategoryTreeBuilder/345020EN-G.pdf
"""237533""","Hoses, Fittings, Swivels and Gauges/Ball Valves",90,C:/Users/REX/Documents/PDFCategoryTreeBuilder/345020EN-G.pdf
"""237541""","Hoses, Fittings, Swivels and Gauges/Ball Valves",90,C:/Users/REX/Documents/PDFCategoryTreeBuilder/345020EN-G.pdf
"""162449""","Hoses, Fittings, Swivels and Gauges/Pipe Fittings",91,C:/Users/REX/Documents/PDFCategoryTreeBuilder/345020EN-G.pdf
"""100474""","Hoses, Fittings, Swivels and Gauges/Pipe Fittings",91,C:/Users/REX/Documents/PDFCategoryTreeBuilder/345020EN-G.pdf
"""159840""","Hoses, Fittings, Swivels and Gauges/Pipe Fittings",91,C:/Users/REX/Documents/PDFCategoryTreeBuilder/345020EN-G.pdf
"""159841""","Hoses, Fittings, Swivels and Gauges/Pipe Fittings",91,C:/Users/REX/Documents/PDFCategoryTreeBuilder/345020EN-G.pdf
"""150171""","Hoses, Fittings, Swivels and Gauges/Pipe Fittings",91,C:/Users/REX/Documents/PDFCategoryTreeBuilder/345020EN-G.pdf
"""168160""","Hoses, Fittings, Swivels and Gauges/Pipe Fittings",91,C:/Users/REX/Documents/PDFCategoryTreeBuilder/345020EN-G.pdf
"""158555""","Hoses, Fittings, Swivels and Gauges/Pipe Fittings",91,C:/Users/REX/Documents/PDFCategoryTreeBuilder/345020EN-G.pdf
"""156580""","Hoses, Fittings, Swivels and Gauges/Pipe Fittings",91,C:/Users/REX/Documents/PDFCategoryTreeBuilder/345020EN-G.pdf
"""100175""","Hoses, Fittings, Swivels and Gauges/Pipe Fittings",91,C:/Users/REX/Documents/PDFCategoryTreeBuilder/345020EN-G.pdf
"""150287""","Hoses, Fittings, Swivels and Gauges/Pipe Fittings",91,C:/Users/REX/Documents/PDFCategoryTreeBuilder/345020EN-G.pdf
"""158581""","Hoses, Fittings, Swivels and Gauges/Pipe Fittings",91,C:/Users/REX/Documents/PDFCategoryTreeBuilder/345020EN-G.pdf
"""151519""","Hoses, Fittings, Swivels and Gauges/Pipe Fittings",91,C:/Users/REX/Documents/PDFCategoryTreeBuilder/345020EN-G.pdf
"""100615""","Hoses, Fittings, Swivels and Gauges/Pipe Fittings",91,C:/Users/REX/Documents/PDFCategoryTreeBuilder/345020EN-G.pdf
"""111697""","Hoses, Fittings, Swivels and Gauges/Pipe Fittings",91,C:/Users/REX/Documents/PDFCategoryTreeBuilder/345020EN-G.pdf
"""102022""","Hoses, Fittings, Swivels and Gauges/Pipe Fittings",91,C:/Users/REX/Documents/PDFCategoryTreeBuilder/345020EN-G.pdf
"""100451""","Hoses, Fittings, Swivels and Gauges/Pipe Fittings",91,C:/Users/REX/Documents/PDFCategoryTreeBuilder/345020EN-G.pdf
"""159239""","Hoses, Fittings, Swivels and Gauges/Pipe Fittings",91,C:/Users/REX/Documents/PDFCategoryTreeBuilder/345020EN-G.pdf
"""159842""","Hoses, Fittings, Swivels and Gauges/Pipe Fittings",91,C:/Users/REX/Documents/PDFCategoryTreeBuilder/345020EN-G.pdf
"""158683""","Hoses, Fittings, Swivels and Gauges/Pipe Fittings",91,C:/Users/REX/Documents/PDFCategoryTreeBuilder/345020EN-G.pdf
"""100896""","Hoses, Fittings, Swivels and Gauges/Pipe Fittings",91,C:/Users/REX/Documents/PDFCategoryTreeBuilder/345020EN-G.pdf
"""158586""","Hoses, Fittings, Swivels and Gauges/Pipe Fittings",91,C:/Users/REX/Documents/PDFCategoryTreeBuilder/345020EN-G.pdf
"""100040""","Hoses, Fittings, Swivels and Gauges/Pipe Fittings",91,C:/Users/REX/Documents/PDFCategoryTreeBuilder/345020EN-G.pdf
"""176393""","Hoses, Fittings, Swivels and Gauges/Pipe Fittings",91,C:/Users/REX/Documents/PDFCategoryTreeBuilder/345020EN-G.pdf
"""156296""","Hoses, Fittings, Swivels and Gauges/Pipe Fittings",91,C:/Users/REX/Documents/PDFCategoryTreeBuilder/345020EN-G.pdf
"""100730""","Hoses, Fittings, Swivels and Gauges/Pipe Fittings",91,C:/Users/REX/Documents/PDFCategoryTreeBuilder/345020EN-G.pdf
"""104663""","Hoses, Fittings, Swivels and Gauges/Pipe Fittings",91,C:/Users/REX/Documents/PDFCategoryTreeBuilder/345020EN-G.pdf
"""162024""","Hoses, Fittings, Swivels and Gauges/Pipe Fittings",91,C:/Users/REX/Documents/PDFCategoryTreeBuilder/345020EN-G.pdf
"""100206""","Hoses, Fittings, Swivels and Gauges/Pipe Fittings",91,C:/Users/REX/Documents/PDFCategoryTreeBuilder/345020EN-G.pdf
"""100840""","Hoses, Fittings, Swivels and Gauges/Pipe Fittings",91,C:/Users/REX/Documents/PDFCategoryTreeBuilder/345020EN-G.pdf
"""100030""","Hoses, Fittings, Swivels and Gauges/Pipe Fittings",91,C:/Users/REX/Documents/PDFCategoryTreeBuilder/345020EN-G.pdf
"""100329""","Hoses, Fittings, Swivels and Gauges/Pipe Fittings",91,C:/Users/REX/Documents/PDFCategoryTreeBuilder/345020EN-G.pdf
"""157191""","Hoses, Fittings, Swivels and Gauges/Pipe Fittings",91,C:/Users/REX/Documents/PDFCategoryTreeBuilder/345020EN-G.pdf
"""175013""","Hoses, Fittings, Swivels and Gauges/Pipe Fittings",91,C:/Users/REX/Documents/PDFCategoryTreeBuilder/345020EN-G.pdf
"""100380""","Hoses, Fittings, Swivels and Gauges/Pipe Fittings",91,C:/Users/REX/Documents/PDFCategoryTreeBuilder/345020EN-G.pdf
"""165198""","Hoses, Fittings, Swivels and Gauges/Pipe Fittings",91,C:/Users/REX/Documents/PDFCategoryTreeBuilder/345020EN-G.pdf
"""156849""","Hoses, Fittings, Swivels and Gauges/Pipe Fittings",91,C:/Users/REX/Documents/PDFCategoryTreeBuilder/345020EN-G.pdf
"""155699""","Hoses, Fittings, Swivels and Gauges/Pipe Fittings",91,C:/Users/REX/Documents/PDFCategoryTreeBuilder/345020EN-G.pdf
"""100081""","Hoses, Fittings, Swivels and Gauges/Pipe Fittings",91,C:/Users/REX/Documents/PDFCategoryTreeBuilder/345020EN-G.pdf
"""100385""","Hoses, Fittings, Swivels and Gauges/Pipe Fittings",91,C:/Users/REX/Documents/PDFCategoryTreeBuilder/345020EN-G.pdf
"""168595""","Hoses, Fittings, Swivels and Gauges/Pipe Fittings",91,C:/Users/REX/Documents/PDFCategoryTreeBuilder/345020EN-G.pdf
"""156971""","Hoses, Fittings, Swivels and Gauges/Pipe Fittings",91,C:/Users/REX/Documents/PDFCategoryTreeBuilder/345020EN-G.pdf
"""158491""","Hoses, Fittings, Swivels and Gauges/Pipe Fittings",91,C:/Users/REX/Documents/PDFCategoryTreeBuilder/345020EN-G.pdf
"""100737""","Hoses, Fittings, Swivels and Gauges/Pipe Fittings",91,C:/Users/REX/Documents/PDFCategoryTreeBuilder/345020EN-G.pdf
"""100176""","Hoses, Fittings, Swivels and Gauges/Pipe Fittings",91,C:/Users/REX/Documents/PDFCategoryTreeBuilder/345020EN-G.pdf
"""150286""","Hoses, Fittings, Swivels and Gauges/Pipe Fittings",91,C:/Users/REX/Documents/PDFCategoryTreeBuilder/345020EN-G.pdf
"""156022""","Hoses, Fittings, Swivels and Gauges/Pipe Fittings",91,C:/Users/REX/Documents/PDFCategoryTreeBuilder/345020EN-G.pdf
"""155541""","Hoses, Fittings, Swivels and Gauges/Pipe Swivels",92,C:/Users/REX/Documents/PDFCategoryTreeBuilder/345020EN-G.pdf
"""159153""","Hoses, Fittings, Swivels and Gauges/Pipe Swivels",92,C:/Users/REX/Documents/PDFCategoryTreeBuilder/345020EN-G.pdf
"""155494""","Hoses, Fittings, Swivels and Gauges/Pipe Swivels",92,C:/Users/REX/Documents/PDFCategoryTreeBuilder/345020EN-G.pdf
"""155495""","Hoses, Fittings, Swivels and Gauges/Pipe Swivels",92,C:/Users/REX/Documents/PDFCategoryTreeBuilder/345020EN-G.pdf
"""155570""","Hoses, Fittings, Swivels and Gauges/Pipe Swivels",92,C:/Users/REX/Documents/PDFCategoryTreeBuilder/345020EN-G.pdf
"""156173""","Hoses, Fittings, Swivels and Gauges/Pipe Swivels",92,C:/Users/REX/Documents/PDFCategoryTreeBuilder/345020EN-G.pdf
"""166863""","Hoses, Fittings, Swivels and Gauges/Stainless Fittings",93,C:/Users/REX/Documents/PDFCategoryTreeBuilder/345020EN-G.pdf
"""171195""","Hoses, Fittings, Swivels and Gauges/Stainless Fittings",93,C:/Users/REX/Documents/PDFCategoryTreeBuilder/345020EN-G.pdf
"""166421""","Hoses, Fittings, Swivels and Gauges/Stainless Fittings",93,C:/Users/REX/Documents/PDFCategoryTreeBuilder/345020EN-G.pdf
"""166469""","Hoses, Fittings, Swivels and Gauges/Stainless Fittings",93,C:/Users/REX/Documents/PDFCategoryTreeBuilder/345020EN-G.pdf
"""166846""","Hoses, Fittings, Swivels and Gauges/Stainless Fittings",93,C:/Users/REX/Documents/PDFCategoryTreeBuilder/345020EN-G.pdf
"""166443""","Hoses, Fittings, Swivels and Gauges/Stainless Fittings",93,C:/Users/REX/Documents/PDFCategoryTreeBuilder/345020EN-G.pdf
"""166866""",The page number 94 does not have a corresponding category in the provided JSON data.,94,C:/Users/REX/Documents/PDFCategoryTreeBuilder/345020EN-G.pdf
"""209029""",The page number 94 does not have a corresponding category in the provided JSON data.,94,C:/Users/REX/Documents/PDFCategoryTreeBuilder/345020EN-G.pdf
"""207123""",The page number 94 does not have a corresponding category in the provided JSON data.,94,C:/Users/REX/Documents/PDFCategoryTreeBuilder/345020EN-G.pdf
"""166242""",The page number 94 does not have a corresponding category in the provided JSON data.,94,C:/Users/REX/Documents/PDFCategoryTreeBuilder/345020EN-G.pdf
"""102325""",The page number 94 does not have a corresponding category in the provided JSON data.,94,C:/Users/REX/Documents/PDFCategoryTreeBuilder/345020EN-G.pdf
"""515723""",The page number 94 does not have a corresponding category in the provided JSON data.,94,C:/Users/REX/Documents/PDFCategoryTreeBuilder/345020EN-G.pdf
"""110756""",The page number 94 does not have a corresponding category in the provided JSON data.,94,C:/Users/REX/Documents/PDFCategoryTreeBuilder/345020EN-G.pdf
"""121237""","The page number 95 does not appear in the given JSON data. Therefore, there is no category value available for this page number.",95,C:/Users/REX/Documents/PDFCategoryTreeBuilder/345020EN-G.pdf
"""16H491""","The page number 95 does not appear in the given JSON data. Therefore, there is no category value available for this page number.",95,C:/Users/REX/Documents/PDFCategoryTreeBuilder/345020EN-G.pdf
"""121238""","The page number 95 does not appear in the given JSON data. Therefore, there is no category value available for this page number.",95,C:/Users/REX/Documents/PDFCategoryTreeBuilder/345020EN-G.pdf
"""512351""","The page number 95 does not appear in the given JSON data. Therefore, there is no category value available for this page number.",95,C:/Users/REX/Documents/PDFCategoryTreeBuilder/345020EN-G.pdf
"""119226""","The page number 95 does not appear in the given JSON data. Therefore, there is no category value available for this page number.",95,C:/Users/REX/Documents/PDFCategoryTreeBuilder/345020EN-G.pdf
"""16C760""","The page number 95 does not appear in the given JSON data. Therefore, there is no category value available for this page number.",95,C:/Users/REX/Documents/PDFCategoryTreeBuilder/345020EN-G.pdf
"""114499""","The page number 95 does not appear in the given JSON data. Therefore, there is no category value available for this page number.",95,C:/Users/REX/Documents/PDFCategoryTreeBuilder/345020EN-G.pdf
"""16J975""","The page number 95 does not appear in the given JSON data. Therefore, there is no category value available for this page number.",95,C:/Users/REX/Documents/PDFCategoryTreeBuilder/345020EN-G.pdf
"""502851""",The page number 96 does not have a corresponding category listed in the provided JSON data.,96,C:/Users/REX/Documents/PDFCategoryTreeBuilder/345020EN-G.pdf
"""110336""",The page number 96 does not have a corresponding category listed in the provided JSON data.,96,C:/Users/REX/Documents/PDFCategoryTreeBuilder/345020EN-G.pdf
"""110208""",The page number 96 does not have a corresponding category listed in the provided JSON data.,96,C:/Users/REX/Documents/PDFCategoryTreeBuilder/345020EN-G.pdf
"""101970""",The page number 96 does not have a corresponding category listed in the provided JSON data.,96,C:/Users/REX/Documents/PDFCategoryTreeBuilder/345020EN-G.pdf
"""101748""",The page number 96 does not have a corresponding category listed in the provided JSON data.,96,C:/Users/REX/Documents/PDFCategoryTreeBuilder/345020EN-G.pdf
"""502265""",The page number 96 does not have a corresponding category listed in the provided JSON data.,96,C:/Users/REX/Documents/PDFCategoryTreeBuilder/345020EN-G.pdf
"""189018""",The page number 97 does not have a corresponding category in the provided JSON data.,97,C:/Users/REX/Documents/PDFCategoryTreeBuilder/345020EN-G.pdf
"""236892""",The page number 97 does not have a corresponding category in the provided JSON data.,97,C:/Users/REX/Documents/PDFCategoryTreeBuilder/345020EN-G.pdf
"""513308""",The page number 97 does not have a corresponding category in the provided JSON data.,97,C:/Users/REX/Documents/PDFCategoryTreeBuilder/345020EN-G.pdf
"""207152""",The page number 97 does not have a corresponding category in the provided JSON data.,97,C:/Users/REX/Documents/PDFCategoryTreeBuilder/345020EN-G.pdf
"""236987""",The page number 97 does not have a corresponding category in the provided JSON data.,97,C:/Users/REX/Documents/PDFCategoryTreeBuilder/345020EN-G.pdf
"""112268""",The page number 97 does not have a corresponding category in the provided JSON data.,97,C:/Users/REX/Documents/PDFCategoryTreeBuilder/345020EN-G.pdf
"""236433""",The page number 97 does not have a corresponding category in the provided JSON data.,97,C:/Users/REX/Documents/PDFCategoryTreeBuilder/345020EN-G.pdf
"""16P309""",The page number 97 does not have a corresponding category in the provided JSON data.,97,C:/Users/REX/Documents/PDFCategoryTreeBuilder/345020EN-G.pdf
"""112851""",Standard Gun Washer,99,C:/Users/REX/Documents/PDFCategoryTreeBuilder/345020EN-G.pdf
"""112847""",Standard Gun Washer,99,C:/Users/REX/Documents/PDFCategoryTreeBuilder/345020EN-G.pdf
"""112635""",Standard Gun Washer,99,C:/Users/REX/Documents/PDFCategoryTreeBuilder/345020EN-G.pdf
"""112634""",Standard Gun Washer,99,C:/Users/REX/Documents/PDFCategoryTreeBuilder/345020EN-G.pdf
"""512799""",Professional Gun Washer,100,C:/Users/REX/Documents/PDFCategoryTreeBuilder/345020EN-G.pdf
"""183459""",Professional Gun Washer,100,C:/Users/REX/Documents/PDFCategoryTreeBuilder/345020EN-G.pdf
"""188406""",Professional Gun Washer,100,C:/Users/REX/Documents/PDFCategoryTreeBuilder/345020EN-G.pdf
"""236659""",Professional Gun Washer,100,C:/Users/REX/Documents/PDFCategoryTreeBuilder/345020EN-G.pdf
"""236689""",Professional Gun Washer,100,C:/Users/REX/Documents/PDFCategoryTreeBuilder/345020EN-G.pdf
"""112847""",Professional Gun Washer,100,C:/Users/REX/Documents/PDFCategoryTreeBuilder/345020EN-G.pdf
"""512827""",Professional Gun Washer,100,C:/Users/REX/Documents/PDFCategoryTreeBuilder/345020EN-G.pdf
"""512802""",Professional Gun Washer,100,C:/Users/REX/Documents/PDFCategoryTreeBuilder/345020EN-G.pdf
"""117438""",Professional Gun Washer,100,C:/Users/REX/Documents/PDFCategoryTreeBuilder/345020EN-G.pdf
"""112851""",Professional Gun Washer,100,C:/Users/REX/Documents/PDFCategoryTreeBuilder/345020EN-G.pdf
"""308393""",Professional Gun Washer,100,C:/Users/REX/Documents/PDFCategoryTreeBuilder/345020EN-G.pdf
"""195903""",Professional Gun Washer,100,C:/Users/REX/Documents/PDFCategoryTreeBuilder/345020EN-G.pdf
"""245300""",Professional Gun Washer,100,C:/Users/REX/Documents/PDFCategoryTreeBuilder/345020EN-G.pdf
"""512835""",Professional Gun Washer,100,C:/Users/REX/Documents/PDFCategoryTreeBuilder/345020EN-G.pdf
"""512800""",Professional Gun Washer,100,C:/Users/REX/Documents/PDFCategoryTreeBuilder/345020EN-G.pdf
"""245271""",Professional Gun Washer,100,C:/Users/REX/Documents/PDFCategoryTreeBuilder/345020EN-G.pdf
"""198786""",Professional Gun Washer,100,C:/Users/REX/Documents/PDFCategoryTreeBuilder/345020EN-G.pdf
"""208920""",Fluid Heater Kit,102,C:/Users/REX/Documents/PDFCategoryTreeBuilder/345020EN-G.pdf
"""245176""",Fluid Heater Kit,102,C:/Users/REX/Documents/PDFCategoryTreeBuilder/345020EN-G.pdf
"""24B424""",Fluid Heater Kit,102,C:/Users/REX/Documents/PDFCategoryTreeBuilder/345020EN-G.pdf
"""245083""",Fluid Heater Kit,102,C:/Users/REX/Documents/PDFCategoryTreeBuilder/345020EN-G.pdf
"""207484""",Fluid Heater Kit,102,C:/Users/REX/Documents/PDFCategoryTreeBuilder/345020EN-G.pdf
"""223105""",Fluid Heater Kit,102,C:/Users/REX/Documents/PDFCategoryTreeBuilder/345020EN-G.pdf
"""206268""",Fluid Heater Kit,102,C:/Users/REX/Documents/PDFCategoryTreeBuilder/345020EN-G.pdf
"""245082""",Fluid Heater Kit,102,C:/Users/REX/Documents/PDFCategoryTreeBuilder/345020EN-G.pdf
"""244675""",Fluid Heater Kit,102,C:/Users/REX/Documents/PDFCategoryTreeBuilder/345020EN-G.pdf
"""237068""",Fluid Heater Kit,102,C:/Users/REX/Documents/PDFCategoryTreeBuilder/345020EN-G.pdf
"""308994""",Fluid Heater Kit,102,C:/Users/REX/Documents/PDFCategoryTreeBuilder/345020EN-G.pdf
"""24B337""",Fluid Heater Kit,102,C:/Users/REX/Documents/PDFCategoryTreeBuilder/345020EN-G.pdf
"""24B338""",Fluid Heater Kit,102,C:/Users/REX/Documents/PDFCategoryTreeBuilder/345020EN-G.pdf
"""24B425""",Fluid Heater Kit,102,C:/Users/REX/Documents/PDFCategoryTreeBuilder/345020EN-G.pdf
"""308415""",Fluid Heater Kit,102,C:/Users/REX/Documents/PDFCategoryTreeBuilder/345020EN-G.pdf
"""244676""",The provided page number 103 does not have a corresponding category in the JSON data. Please provide another page number.,103,C:/Users/REX/Documents/PDFCategoryTreeBuilder/345020EN-G.pdf
"""306508""",The provided page number 103 does not have a corresponding category in the JSON data. Please provide another page number.,103,C:/Users/REX/Documents/PDFCategoryTreeBuilder/345020EN-G.pdf
"""203992""",The provided page number 103 does not have a corresponding category in the JSON data. Please provide another page number.,103,C:/Users/REX/Documents/PDFCategoryTreeBuilder/345020EN-G.pdf
"""208259""",The provided page number 103 does not have a corresponding category in the JSON data. Please provide another page number.,103,C:/Users/REX/Documents/PDFCategoryTreeBuilder/345020EN-G.pdf
"""236951""",The provided page number 103 does not have a corresponding category in the JSON data. Please provide another page number.,103,C:/Users/REX/Documents/PDFCategoryTreeBuilder/345020EN-G.pdf
"""308081""",The provided page number 103 does not have a corresponding category in the JSON data. Please provide another page number.,103,C:/Users/REX/Documents/PDFCategoryTreeBuilder/345020EN-G.pdf
"""24A954""",The provided page number 103 does not have a corresponding category in the JSON data. Please provide another page number.,103,C:/Users/REX/Documents/PDFCategoryTreeBuilder/345020EN-G.pdf
"""245084""",The provided page number 103 does not have a corresponding category in the JSON data. Please provide another page number.,103,C:/Users/REX/Documents/PDFCategoryTreeBuilder/345020EN-G.pdf
"""241321""",The provided page number 103 does not have a corresponding category in the JSON data. Please provide another page number.,103,C:/Users/REX/Documents/PDFCategoryTreeBuilder/345020EN-G.pdf
"""166630""",The provided page number 103 does not have a corresponding category in the JSON data. Please provide another page number.,103,C:/Users/REX/Documents/PDFCategoryTreeBuilder/345020EN-G.pdf
"""165767""",The provided page number 103 does not have a corresponding category in the JSON data. Please provide another page number.,103,C:/Users/REX/Documents/PDFCategoryTreeBuilder/345020EN-G.pdf
"""245085""",The provided page number 103 does not have a corresponding category in the JSON data. Please provide another page number.,103,C:/Users/REX/Documents/PDFCategoryTreeBuilder/345020EN-G.pdf
"""170113""",The provided page number 103 does not have a corresponding category in the JSON data. Please provide another page number.,103,C:/Users/REX/Documents/PDFCategoryTreeBuilder/345020EN-G.pdf
"""24A598""",The provided page number 103 does not have a corresponding category in the JSON data. Please provide another page number.,103,C:/Users/REX/Documents/PDFCategoryTreeBuilder/345020EN-G.pdf
"""246419""",The provided page number 103 does not have a corresponding category in the JSON data. Please provide another page number.,103,C:/Users/REX/Documents/PDFCategoryTreeBuilder/345020EN-G.pdf
"""224834""",The provided page number 103 does not have a corresponding category in the JSON data. Please provide another page number.,103,C:/Users/REX/Documents/PDFCategoryTreeBuilder/345020EN-G.pdf
"""685599""",The provided page number 103 does not have a corresponding category in the JSON data. Please provide another page number.,103,C:/Users/REX/Documents/PDFCategoryTreeBuilder/345020EN-G.pdf
"""222916""",The provided page number 103 does not have a corresponding category in the JSON data. Please provide another page number.,103,C:/Users/REX/Documents/PDFCategoryTreeBuilder/345020EN-G.pdf
"""206266""",The provided page number 103 does not have a corresponding category in the JSON data. Please provide another page number.,103,C:/Users/REX/Documents/PDFCategoryTreeBuilder/345020EN-G.pdf
"""244677""",The provided page number 103 does not have a corresponding category in the JSON data. Please provide another page number.,103,C:/Users/REX/Documents/PDFCategoryTreeBuilder/345020EN-G.pdf
